{
    "name": "root",
    "gauges": {
        "MoveToTarget.Policy.Entropy.mean": {
            "value": 1.416172742843628,
            "min": 1.416172742843628,
            "max": 1.416172742843628,
            "count": 1
        },
        "MoveToTarget.Policy.Entropy.sum": {
            "value": 59003.421875,
            "min": 59003.421875,
            "max": 59003.421875,
            "count": 1
        },
        "MoveToTarget.Step.mean": {
            "value": 49985.0,
            "min": 49985.0,
            "max": 49985.0,
            "count": 1
        },
        "MoveToTarget.Step.sum": {
            "value": 49985.0,
            "min": 49985.0,
            "max": 49985.0,
            "count": 1
        },
        "MoveToTarget.Policy.ExtrinsicValueEstimate.mean": {
            "value": -0.27527156472206116,
            "min": -0.27527156472206116,
            "max": -0.27527156472206116,
            "count": 1
        },
        "MoveToTarget.Policy.ExtrinsicValueEstimate.sum": {
            "value": -191.58900451660156,
            "min": -191.58900451660156,
            "max": -191.58900451660156,
            "count": 1
        },
        "MoveToTarget.Environment.EpisodeLength.mean": {
            "value": 558.5675675675676,
            "min": 558.5675675675676,
            "max": 558.5675675675676,
            "count": 1
        },
        "MoveToTarget.Environment.EpisodeLength.sum": {
            "value": 41334.0,
            "min": 41334.0,
            "max": 41334.0,
            "count": 1
        },
        "MoveToTarget.Environment.CumulativeReward.mean": {
            "value": -3.2135136106328384,
            "min": -3.2135136106328384,
            "max": -3.2135136106328384,
            "count": 1
        },
        "MoveToTarget.Environment.CumulativeReward.sum": {
            "value": -237.80000718683004,
            "min": -237.80000718683004,
            "max": -237.80000718683004,
            "count": 1
        },
        "MoveToTarget.Policy.ExtrinsicReward.mean": {
            "value": -3.2135136106328384,
            "min": -3.2135136106328384,
            "max": -3.2135136106328384,
            "count": 1
        },
        "MoveToTarget.Policy.ExtrinsicReward.sum": {
            "value": -237.80000718683004,
            "min": -237.80000718683004,
            "max": -237.80000718683004,
            "count": 1
        },
        "MoveToTarget.Losses.PolicyLoss.mean": {
            "value": 0.022407451999606563,
            "min": 0.022407451999606563,
            "max": 0.022407451999606563,
            "count": 1
        },
        "MoveToTarget.Losses.PolicyLoss.sum": {
            "value": 0.08962980799842625,
            "min": 0.08962980799842625,
            "max": 0.08962980799842625,
            "count": 1
        },
        "MoveToTarget.Losses.ValueLoss.mean": {
            "value": 0.126311545058464,
            "min": 0.126311545058464,
            "max": 0.126311545058464,
            "count": 1
        },
        "MoveToTarget.Losses.ValueLoss.sum": {
            "value": 0.505246180233856,
            "min": 0.505246180233856,
            "max": 0.505246180233856,
            "count": 1
        },
        "MoveToTarget.Policy.LearningRate.mean": {
            "value": 0.00027955245681584993,
            "min": 0.00027955245681584993,
            "max": 0.00027955245681584993,
            "count": 1
        },
        "MoveToTarget.Policy.LearningRate.sum": {
            "value": 0.0011182098272633997,
            "min": 0.0011182098272633997,
            "max": 0.0011182098272633997,
            "count": 1
        },
        "MoveToTarget.Policy.Epsilon.mean": {
            "value": 0.19318414999999997,
            "min": 0.19318414999999997,
            "max": 0.19318414999999997,
            "count": 1
        },
        "MoveToTarget.Policy.Epsilon.sum": {
            "value": 0.7727365999999999,
            "min": 0.7727365999999999,
            "max": 0.7727365999999999,
            "count": 1
        },
        "MoveToTarget.Policy.Beta.mean": {
            "value": 0.004659889085,
            "min": 0.004659889085,
            "max": 0.004659889085,
            "count": 1
        },
        "MoveToTarget.Policy.Beta.sum": {
            "value": 0.01863955634,
            "min": 0.01863955634,
            "max": 0.01863955634,
            "count": 1
        },
        "MoveToTarget.IsTraining.mean": {
            "value": 1.0,
            "min": 1.0,
            "max": 1.0,
            "count": 1
        },
        "MoveToTarget.IsTraining.sum": {
            "value": 1.0,
            "min": 1.0,
            "max": 1.0,
            "count": 1
        }
    },
    "metadata": {
        "timer_format_version": "0.1.0",
        "start_time_seconds": "1763852106",
        "python_version": "3.10.8 (main, Nov 24 2022, 08:08:27) [Clang 14.0.6 ]",
        "command_line_arguments": "/Users/ayoubsougrati/anaconda3/envs/mlagents/bin/mlagents-learn --resume",
        "mlagents_version": "0.30.0",
        "mlagents_envs_version": "0.30.0",
        "communication_protocol_version": "1.5.0",
        "pytorch_version": "1.11.0",
        "numpy_version": "1.21.2",
        "end_time_seconds": "1763852481"
    },
    "total": 375.88659675000235,
    "count": 1,
    "self": 0.007953125998028554,
    "children": {
        "run_training.setup": {
            "total": 0.019342707993928343,
            "count": 1,
            "self": 0.019342707993928343
        },
        "TrainerController.start_learning": {
            "total": 375.8593009160104,
            "count": 1,
            "self": 0.5997458916826872,
            "children": {
                "TrainerController._reset_env": {
                    "total": 6.297406792000402,
                    "count": 1,
                    "self": 6.297406792000402
                },
                "TrainerController.advance": {
                    "total": 368.86930381532875,
                    "count": 88547,
                    "self": 0.5175843674369389,
                    "children": {
                        "env_step": {
                            "total": 359.3288923490036,
                            "count": 88547,
                            "self": 343.9536333656579,
                            "children": {
                                "SubprocessEnvManager._take_step": {
                                    "total": 14.945362941041822,
                                    "count": 88547,
                                    "self": 1.4329468917712802,
                                    "children": {
                                        "TorchPolicy.evaluate": {
                                            "total": 13.512416049270541,
                                            "count": 88404,
                                            "self": 13.512416049270541
                                        }
                                    }
                                },
                                "workers": {
                                    "total": 0.4298960423038807,
                                    "count": 88546,
                                    "self": 0.0,
                                    "children": {
                                        "worker_root": {
                                            "total": 276.58761035921634,
                                            "count": 88546,
                                            "is_parallel": true,
                                            "self": 51.98419648187701,
                                            "children": {
                                                "steps_from_proto": {
                                                    "total": 0.0007199160027084872,
                                                    "count": 1,
                                                    "is_parallel": true,